Company Name,Company Website,Company Location,Sector,Classification,Source
Corporation Ward 152 Office,,"Porur, Chennai Radius",Company/Office,Startup,OpenStreetMap (Overpass)
Ward 155 Corporation Office,,"Porur, Chennai Radius",Company/Office,Startup,OpenStreetMap (Overpass)
Sri Lankan High Commission,,"Porur, Chennai Radius",Company/Office,Startup,OpenStreetMap (Overpass)
Wipro CDC3,,"Porur, Chennai Radius",Company/Office,MNC,OpenStreetMap (Overpass)
iGATE,,"Porur, Chennai Radius",Company/Office,Startup,OpenStreetMap (Overpass)
Wipro CDC1,,"Porur, Chennai Radius",Company/Office,MNC,OpenStreetMap (Overpass)
Akshaya Shanthi,https://www.akshaya.com/,"27/44, Mount Road, 27/44, Anna Salai, Border Thottam, Padupakkam, Triplicane, Chennai, Tamil Nadu 600002",IT Services,Startup,OpenStreetMap (Overpass)
Regional Meteorological Centre - IMD Chennai,,College Road  chennai,Company/Office,Startup,OpenStreetMap (Overpass)
RTO Office KK Nagar,,"Porur, Chennai Radius",Company/Office,Startup,OpenStreetMap (Overpass)
Institute of Chartered Accountants of India,,"Porur, Chennai Radius",Company/Office,Startup,OpenStreetMap (Overpass)
Austria,,"Porur, Chennai Radius",Company/Office,Startup,OpenStreetMap (Overpass)
Russia,,"Porur, Chennai Radius",Company/Office,Startup,OpenStreetMap (Overpass)
Mylapore Telephone Exchange,,"Porur, Chennai Radius",Company/Office,Startup,OpenStreetMap (Overpass)
AU-KBC Research Centre,https://www.au-kbc.org/,"Porur, Chennai Radius",Company/Office,Startup,OpenStreetMap (Overpass)
Election commission office,,"Porur, Chennai Radius",Company/Office,Startup,OpenStreetMap (Overpass)
Hafiz Court,,"Porur, Chennai Radius",Company/Office,Startup,OpenStreetMap (Overpass)
Shafika,,kodambakkam High Road  Chennai,Company/Office,Startup,OpenStreetMap (Overpass)
Corporate Media Men Advertising Ltd,,4th Collage Road  Chennai,Company/Office,Company,OpenStreetMap (Overpass)
Wheels India Limited,,"Porur, Chennai Radius",Company/Office,Startup,OpenStreetMap (Overpass)
Brakes India Limited,,"Porur, Chennai Radius",Company/Office,Startup,OpenStreetMap (Overpass)
Sundaram Clayton,,"Porur, Chennai Radius",Company/Office,Startup,OpenStreetMap (Overpass)
Lucas TVS Limited,,"Porur, Chennai Radius",Company/Office,Startup,OpenStreetMap (Overpass)
Sundaram Brake Lining,,"Porur, Chennai Radius",Company/Office,Startup,OpenStreetMap (Overpass)
Sundaram Towers,,Whites Road  Chennai,Company/Office,Startup,OpenStreetMap (Overpass)
Sundaram Fasteners,,"Porur, Chennai Radius",Company/Office,Startup,OpenStreetMap (Overpass)
Krishnamurthi Foundation of India,,"Porur, Chennai Radius",Company/Office,Startup,OpenStreetMap (Overpass)
Centre of Excellence in Wireless Technology,,"Kanagam road, Taramani  Chennai",Company/Office,Startup,OpenStreetMap (Overpass)
Reliance Telecom Center of Excellence,,"Kanagam road, Taramani  Chennai",IT Services,MNC,OpenStreetMap (Overpass)
Sithalapakkam Panchayat Office,,"Porur, Chennai Radius",Company/Office,Startup,OpenStreetMap (Overpass)
SMS LABS SERVICES Pvt Ltd,,Poonamallee Thiruvallur Road,Company/Office,Company,OpenStreetMap (Overpass)
Service Integrator,http://gcl.in/,Alwarpet  chennai,IT Services,Startup,OpenStreetMap (Overpass)
Visionation Property Care,https://www.visionation.in/,Montieth Road  Egmore,Company/Office,Startup,OpenStreetMap (Overpass)
GlobalEnglish India Pvt Ltd.,https://globalenglish.com/,Mount Poonamallee Highway  Chennai,IT Services,Company,OpenStreetMap (Overpass)
BSNL Customer Service Center,,"Porur, Chennai Radius",Company/Office,Startup,OpenStreetMap (Overpass)
MOTOR FINANCE CORPORATION ,,Adithanar Road  Chennai,Company/Office,Startup,OpenStreetMap (Overpass)
NIIT Nungambakkam,,"Porur, Chennai Radius",IT Services,Startup,OpenStreetMap (Overpass)
चेन्नई में जापान के वाणिज्य दूतावास जनरल,https://www.chennai.in.emb-japan.go.jp/index.html,"Porur, Chennai Radius",Company/Office,Startup,OpenStreetMap (Overpass)
Eloka Enterprises Private Limited,https://eloka.net/,Padmanabha Nagar 5th Street  Chennai,Company/Office,Startup,OpenStreetMap (Overpass)
Chitalappakam Panchayat & EB Office,,"Porur, Chennai Radius",Company/Office,Startup,OpenStreetMap (Overpass)
Eureka Associates,http://www.eurekaassociates.in/,Chandradevanesan Street  Chennai,Company/Office,Startup,OpenStreetMap (Overpass)
Logic Soft Pvt. Ltd.,https://www.logicsoft.co.in/,Chokkalingam Nagar  Chennai,Company/Office,Company,OpenStreetMap (Overpass)
Sub-Registrar Office,,Bharathmatha Street,Company/Office,Startup,OpenStreetMap (Overpass)
LMS India Engg. Solutions Pvt. Ltd,,Kannadasan Road  Chennai,Company/Office,Company,OpenStreetMap (Overpass)
Chennaicommercials,,South Usman Road  Chennai,Company/Office,Startup,OpenStreetMap (Overpass)
Zanec,,"Fourrts Avenue, Thuraipakkam  Chennai",IT Services,Startup,OpenStreetMap (Overpass)
THARASU Group of Magazines,,Rameswaram Street  t.nagar,Company/Office,Startup,OpenStreetMap (Overpass)
Tamil Nadu Oil and Seeds Association,,"Porur, Chennai Radius",Company/Office,Startup,OpenStreetMap (Overpass)
Spritle Software,,Chakrapani St  Chennai,IT Services,Startup,OpenStreetMap (Overpass)
Gamesa,,"Porur, Chennai Radius",IT Services,Startup,OpenStreetMap (Overpass)
WizDemy Software Private Limited,,"48th Cross St Valmiki Nagar, Thiruvalluvar Nagar, Thiruvanmiyur  Chennai",Company/Office,Startup,OpenStreetMap (Overpass)
LIC Housing Finance Ltd,,"Porur, Chennai Radius",Fintech,Company,OpenStreetMap (Overpass)
Qmax Test Equipments Private Limited,https://www.qmaxtest.com/,Elcot Avenue Sholinganallur Chennai,Company/Office,Startup,OpenStreetMap (Overpass)
CSC Computer Education,,"Porur, Chennai Radius",IT Services,Startup,OpenStreetMap (Overpass)
Jeevan Bhima Nagar Owners Welfare Association,,Madurai veerar street  Chennai,Company/Office,Startup,OpenStreetMap (Overpass)
Fayola Towers,,"Porur, Chennai Radius",Company/Office,Startup,OpenStreetMap (Overpass)
Adyog Software Solutions Pvt Ltd.,,"Porur, Chennai Radius",Company/Office,Company,OpenStreetMap (Overpass)
Sri gokulam chit funds,,"Porur, Chennai Radius",Company/Office,Startup,OpenStreetMap (Overpass)
Touchmark Media,http://www.touchmarkmedia.in,"92nd St, 18th avenue, Ashok Nagar  Chennai",IT Services,Startup,OpenStreetMap (Overpass)
prime academy office,,"Porur, Chennai Radius",Company/Office,Startup,OpenStreetMap (Overpass)
Blaze Dream Technologies Pvt Ltd,https://www.blazedream.com/,Pycrofts Garden Road,IT Services,Company,OpenStreetMap (Overpass)
Airtel,,"Porur, Chennai Radius",IT Services,MNC,OpenStreetMap (Overpass)
Versutus Management Service Private ltd,https://www.versutus.com/,Kutchery Road  Chennai,Company/Office,Company,OpenStreetMap (Overpass)
New India Insurance Co. div office Velachery,,"Porur, Chennai Radius",Fintech,Startup,OpenStreetMap (Overpass)
BSNL Exchange,,Justice Ramakrishna Salai,Company/Office,Startup,OpenStreetMap (Overpass)
Ambattur Municipality Higher secondary school,,"Porur, Chennai Radius",IT Services,Startup,OpenStreetMap (Overpass)
EMPEE GROUP OF COMPANY,,Adithanar Road,Company/Office,Startup,OpenStreetMap (Overpass)
South India Shelters Pvt. Ltd.,,"Gulmohar Avenue, velachery main road  chennai",Company/Office,Company,OpenStreetMap (Overpass)
TAMIL NADU CABIL,,Montieth Lane,Company/Office,Startup,OpenStreetMap (Overpass)
KRISHNAMURTHY,,"Porur, Chennai Radius",Company/Office,Startup,OpenStreetMap (Overpass)
Metro Water,,"Porur, Chennai Radius",Company/Office,Startup,OpenStreetMap (Overpass)
Yes Yes Mega Powers,,"Porur, Chennai Radius",Company/Office,Startup,OpenStreetMap (Overpass)
Prestige Cyber Towers,,Rajiv Gandhi Salai  Karapakkam,IT Services,Startup,OpenStreetMap (Overpass)
Pondicherry Maritime Academy Chennai,https://www.pondicherrymaritime.com/,Angappan Naicken Street  Chennai,IT Services,Startup,OpenStreetMap (Overpass)
Official Gates,,"Porur, Chennai Radius",IT Services,Startup,OpenStreetMap (Overpass)
Andhra Bank,https://www.andhrabank.in,TTK Road,IT Services,Startup,OpenStreetMap (Overpass)
corporation office,,"Porur, Chennai Radius",Company/Office,Startup,OpenStreetMap (Overpass)
Tamil Nadu Electricity Board,,Kottivakkam Kuppam Road  Chennai City Corporation Limits,Company/Office,Startup,OpenStreetMap (Overpass)
DMedium,,"10th Street, Ram Nagar, Puzhuthivakkam  Chennai",IT Services,Startup,OpenStreetMap (Overpass)
National Institute of Epidemiology,,"Porur, Chennai Radius",Company/Office,Startup,OpenStreetMap (Overpass)
BJP Tamilnadu Head Quarters,,"Porur, Chennai Radius",IT Services,Startup,OpenStreetMap (Overpass)
Hexolabs Interactive Tech Pvt Ltd,,"Dr.VSI Estate, Thiruvanmiyur  chennai",IT Services,Company,OpenStreetMap (Overpass)
Group10 Technologies Pvt Ltd,,Vigneshwara Street  Chennai,Company/Office,Company,OpenStreetMap (Overpass)
"LIC satellite office, selaiyur",,Velachery - Tambaram Main Road,Fintech,Startup,OpenStreetMap (Overpass)
Sneham seva center for tambaram municipality,,"Porur, Chennai Radius",Company/Office,Startup,OpenStreetMap (Overpass)
Trumatics,,6th Main Road  Chennai,IT Services,Startup,OpenStreetMap (Overpass)
Q-Pro,,6th Main Road  Chennai,Company/Office,Startup,OpenStreetMap (Overpass)
Chief Education Office,,JEENIS ROAD,Company/Office,Startup,OpenStreetMap (Overpass)
Saint Thomas Matriculatoin Higher Secondary School,,"Porur, Chennai Radius",IT Services,Startup,OpenStreetMap (Overpass)
Regional Transport Office-Sholinganallur,,"Porur, Chennai Radius",Company/Office,Startup,OpenStreetMap (Overpass)
NSIC,https://nsic.co.in/,"Porur, Chennai Radius",Company/Office,Startup,OpenStreetMap (Overpass)
Payilagam Software Training Institute,,"Vijayanagar 1st Main Road, Velachery  Chennai",IT Services,Startup,OpenStreetMap (Overpass)
Amutha Matriculation Higher Secondary School,,"1st Ave, 4th Block, Mogappair West, Mogappair  Chennai",IT Services,Startup,OpenStreetMap (Overpass)
Chennai Metro Water Office,,"D Block, 1st Ave, Mogappair West, Ambattur Industrial Estate  Chennai",IT Services,Startup,OpenStreetMap (Overpass)
Mar Gregorios College Of Arts,,"Block No. 8, J.J. Nagar West, Mogappair West, Mogappair  Chennai",IT Services,Startup,OpenStreetMap (Overpass)
BSNL Office,https://www.bsnl.co.in/,"Mogappair West, Mogappair  Chennai",IT Services,Startup,OpenStreetMap (Overpass)
Airtel Express,,"Mogappair West, Mogappair  Chennai",IT Services,MNC,OpenStreetMap (Overpass)
Tata Communications Ltd.,,Nandambakkam Bridge  Chennai,Company/Office,MNC,OpenStreetMap (Overpass)
Tamilnadu electricity board office,,"Porur, Chennai Radius",Company/Office,Startup,OpenStreetMap (Overpass)
ObjectFrontier Software,https://www.objectfrontier.com/,Taramani Road  Chennai,Company/Office,Startup,OpenStreetMap (Overpass)
Theekathir Office,,Saidapet,Company/Office,Startup,OpenStreetMap (Overpass)
Income Tax Department Additional/ joint commesioner office,,"Porur, Chennai Radius",Company/Office,Startup,OpenStreetMap (Overpass)
Sharekhan - Share office,,"Porur, Chennai Radius",Company/Office,Startup,OpenStreetMap (Overpass)
Periyar University Study Center,,15th Main Road,IT Services,Startup,OpenStreetMap (Overpass)
Kendriya Bhandar Regional Office,,Central Revenue Quarters,Company/Office,Startup,OpenStreetMap (Overpass)
Central PWD Service Center,,Central Revenue Quarters Road  Chennai,Company/Office,Startup,OpenStreetMap (Overpass)
C.P.W.D Service Center,,"Porur, Chennai Radius",Company/Office,Startup,OpenStreetMap (Overpass)
Nirman Bhavan,,"Porur, Chennai Radius",Company/Office,Startup,OpenStreetMap (Overpass)
Parveen Travels,,"Jawaharlal Nehru Road, Koyembedu, Chennai",Company/Office,Startup,OpenStreetMap (Overpass)
DMDK Office,,"Jawaharlal Nehru Road, Koyembedu, Chennai",IT Services,Startup,OpenStreetMap (Overpass)
3ST,,Arcot Road Valasaravakkam Valasaravakkam,Company/Office,Startup,OpenStreetMap (Overpass)
Trail cloud innovation services Pvt.Ltd,https://www.trail.do/,Thiruvalluvar salai,Company/Office,Company,OpenStreetMap (Overpass)
TVF - Contagious online media network private limited,www.tvfplay.com,"Musiri Subramanium street, oliver road",Company/Office,Startup,OpenStreetMap (Overpass)
Way2SearchAnything,https://www.way2searchonlineshopping.com/,"Padikuppam road, Balaji Nagar, Thirumangalam, Anna Nagar West, Chennai",Company/Office,Startup,OpenStreetMap (Overpass)
ICF Cooperative Society Store,,"Porur, Chennai Radius",Company/Office,Startup,OpenStreetMap (Overpass)
HCL Technologies Ltd.,,"Porur, Chennai Radius",Company/Office,MNC,OpenStreetMap (Overpass)
US Biometrics Centre,,"Porur, Chennai Radius",Company/Office,Startup,OpenStreetMap (Overpass)
ST Courier,http://stcourier.com/,MKN Road,Company/Office,Startup,OpenStreetMap (Overpass)
Manogaran Typewriting Institute,,"Porur, Chennai Radius",IT Services,Startup,OpenStreetMap (Overpass)
TSR Packers And Movers,,"Porur, Chennai Radius",Company/Office,Startup,OpenStreetMap (Overpass)
KMB,,Kundrathur Main Road peripanicherry  chennai,Company/Office,Startup,OpenStreetMap (Overpass)
Ducen IT,https://www.ducenit.com/,Old Mahabalipuram Road  CHENNAI,IT Services,Startup,OpenStreetMap (Overpass)
Chennai Two Software Park,,"Porur, Chennai Radius",Company/Office,Startup,OpenStreetMap (Overpass)
BETA CAE Systems India Pvt. Ltd. (Chennai Office),https://www.beta-cae.com/,"Rattha Tek Meadows Tower B, 3rd Floor, Rajiv Gandhi Salai (OMR), Sholinganallur  Chennai",Company/Office,Company,OpenStreetMap (Overpass)
Tamil Nadu Public Service Commission,,"Porur, Chennai Radius",Company/Office,Startup,OpenStreetMap (Overpass)
CodeMyCompany,https://www.codemycompany.com/,City Limits Road,Company/Office,Startup,OpenStreetMap (Overpass)
Comcast India Engineering Center,,"Porur, Chennai Radius",IT Services,Startup,OpenStreetMap (Overpass)
GeoConcept India,,"Porur, Chennai Radius",Company/Office,Startup,OpenStreetMap (Overpass)
வி.பி.சிந்தன் இல்லம் (CITU Perungudi Office),,"Burma Colony, Perungudi, Chennai",IT Services,Startup,OpenStreetMap (Overpass)
Chennai Drinking Water and Drainage Clearance Board,,"Thiruvalluvar Salai, Teynampet, Chennai-18",Company/Office,Startup,OpenStreetMap (Overpass)
Mangaldeep Puja Agarbathis,,"Porur, Chennai Radius",Company/Office,Startup,OpenStreetMap (Overpass)
Tamil Nadu Medical and Sales Representative Association,,"Kamabar Street, Abith Colony, Saidapet",Company/Office,Startup,OpenStreetMap (Overpass)
General Electric,,"Porur, Chennai Radius",Company/Office,Startup,OpenStreetMap (Overpass)
Bank Employees Federation of India,,"Porur, Chennai Radius",Company/Office,Startup,OpenStreetMap (Overpass)
Centre of Indian Trade Unions State Committee Office,,"Porur, Chennai Radius",Company/Office,Startup,OpenStreetMap (Overpass)
Free Software Foundation Tamil Nadu (FSFTN),https://fsftn.org,"Porur, Chennai Radius",Company/Office,Startup,OpenStreetMap (Overpass)
Tamil Nadu Electricity Employees Central Point,,"Porur, Chennai Radius",Company/Office,Startup,OpenStreetMap (Overpass)
McKinsey & Company Chennai Knowledge Center,https://www.mckinsey.com/knowledge-network/chennai,"Porur, Chennai Radius",Company/Office,Startup,OpenStreetMap (Overpass)
McKinsey & Company,https://www.mckinsey.com/in,"Porur, Chennai Radius",Business Consulting,Startup,OpenStreetMap (Overpass)
McKinsey & Company Chennai Service Center,,"Porur, Chennai Radius",Company/Office,Startup,OpenStreetMap (Overpass)
hutmatrix Architects,,"Porur, Chennai Radius",IT Services,Startup,OpenStreetMap (Overpass)
Magalir Satta Uthavi Maiyam (MSUM),https://msum.in,"6th Main Road  Anna Nagar, Chennai",Company/Office,Startup,OpenStreetMap (Overpass)
Rail Vikas Nigam Limited,,"Porur, Chennai Radius",Company/Office,Startup,OpenStreetMap (Overpass)
Beez Innovation Labs Pvt. Ltd.,https://www.beezlabs.com/,"SP-7A, South Phase, Guindy Industrial Estate, Guindy  Chennai",IT Services,Company,OpenStreetMap (Overpass)
Cottee Union Office,,"Singanna Street, Chindadripet",Company/Office,Startup,OpenStreetMap (Overpass)
MADARTH,,Alamelumangapuram  Chennai,Company/Office,Startup,OpenStreetMap (Overpass)
Rmade Technologies,,"Porur, Chennai Radius",Company/Office,Startup,OpenStreetMap (Overpass)
iSprout Business Centre,,"PLOT NO. SP 22, Ekkatuthangal, Guindy  Chennai",Company/Office,Startup,OpenStreetMap (Overpass)
S4 Tower,,"Porur, Chennai Radius",Company/Office,Startup,OpenStreetMap (Overpass)
S3 Tower,,"Porur, Chennai Radius",Company/Office,Startup,OpenStreetMap (Overpass)
S1 Tower,,"Porur, Chennai Radius",Company/Office,Startup,OpenStreetMap (Overpass)
S2 Tower,,"Porur, Chennai Radius",Company/Office,Startup,OpenStreetMap (Overpass)
Quadkast Technologies,http://quadkast.com/,"Porur, Chennai Radius",IT Services,Startup,OpenStreetMap (Overpass)
EPF office,,"Nandambakkam, Tamil Nadu 600089",Company/Office,Startup,OpenStreetMap (Overpass)
Crescent College,,"Porur, Chennai Radius",IT Services,Startup,OpenStreetMap (Overpass)
Star Health and Allied Insurance Co Ltd,,"Porur, Chennai Radius",Fintech,Company,OpenStreetMap (Overpass)
Sri Lankan Airlines,,"Porur, Chennai Radius",Company/Office,Startup,OpenStreetMap (Overpass)
Office of the Registrar of Cooperative Societies,,"Porur, Chennai Radius",Company/Office,Startup,OpenStreetMap (Overpass)
Edufic Digital,,"Porur, Chennai Radius",Company/Office,Startup,OpenStreetMap (Overpass)
Global Logistics,,"Porur, Chennai Radius",Company/Office,Startup,OpenStreetMap (Overpass)
Kerry Indev Logistics,,"Porur, Chennai Radius",Company/Office,Startup,OpenStreetMap (Overpass)
Muthoot Finance,,"Porur, Chennai Radius",Company/Office,Startup,OpenStreetMap (Overpass)
Bajaj Capital,,"Porur, Chennai Radius",Company/Office,Startup,OpenStreetMap (Overpass)
Indigo Airlines,,"Porur, Chennai Radius",Company/Office,Startup,OpenStreetMap (Overpass)
Maruti Couriers and Cargo,,"Porur, Chennai Radius",Company/Office,Startup,OpenStreetMap (Overpass)
CARE Institute of Behavorial Sciences,,Dr Thirumurthy Nagar 5th Street  Chennai,IT Services,Startup,OpenStreetMap (Overpass)
Hindu Religious and Charitable Endowments Department,,"Porur, Chennai Radius",Company/Office,Startup,OpenStreetMap (Overpass)
Keith Electronics Pvt Ltd,,"Porur, Chennai Radius",Hardware/Manufacturing,Company,OpenStreetMap (Overpass)
Voltas Aerocool,,"Porur, Chennai Radius",Company/Office,Startup,OpenStreetMap (Overpass)
Shri Vinayaka Impex,,Dr Thirumurthy Nagar 5th Street  Chennai,Company/Office,Startup,OpenStreetMap (Overpass)
Sundaram Finance Holdings,,"Porur, Chennai Radius",Company/Office,Startup,OpenStreetMap (Overpass)
Kin Technologies Pvt Ltd,,"Porur, Chennai Radius",Company/Office,Company,OpenStreetMap (Overpass)
Professional Courier,,"Porur, Chennai Radius",Company/Office,Startup,OpenStreetMap (Overpass)
The Krishna Group,,"Porur, Chennai Radius",Company/Office,Startup,OpenStreetMap (Overpass)
Handloom Export Promotion Council,,"Porur, Chennai Radius",Company/Office,Startup,OpenStreetMap (Overpass)
Tamil Nadu Electricity Generation & Distribution office,,"Porur, Chennai Radius",Electric/Energy,Startup,OpenStreetMap (Overpass)
Roanuz Softwares,,"Porur, Chennai Radius",Company/Office,Startup,OpenStreetMap (Overpass)
Vetivert Collective,,"Porur, Chennai Radius",Company/Office,Startup,OpenStreetMap (Overpass)
Consulate General of the Republic of Singapore,,Doctor Shivaji Ganesan Road  Chennai,Company/Office,Startup,OpenStreetMap (Overpass)
Malligai Dental Academy,,7th Avenue  Chennai,IT Services,Startup,OpenStreetMap (Overpass)
Panchayat Office,,"Porur, Chennai Radius",Company/Office,Startup,OpenStreetMap (Overpass)
Ambattur RTO,,"Porur, Chennai Radius",Company/Office,Startup,OpenStreetMap (Overpass)
TNEB Substation 33/11KV,tangedco.gov.in,"7/41, Raghava Colony W St, Ragavan Colony, Mettuppalayam, Ashok Nagar, Chennai, Tamil Nadu 600083",Electric/Energy,Startup,OpenStreetMap (Overpass)
Stone Bench Pvt Ltd,https://www.stonebench.co.in/,12th Avenue Ashok Nagar Chennai,Company/Office,Company,OpenStreetMap (Overpass)
Tamil Nadu Public Distribution Scheme Service Office,,"Porur, Chennai Radius",Company/Office,Startup,OpenStreetMap (Overpass)
Sunaadalahari,https://www.sunaadalahari.org/,CP Ramaswamy Road  Chennai,Company/Office,Startup,OpenStreetMap (Overpass)
Sri Lakshmi Agro,,"Porur, Chennai Radius",Company/Office,Startup,OpenStreetMap (Overpass)
GUINDY SIDCO INDUSTRIAL ESTATE,,"HQ10 GUINDY SIDCO INDUSTRIAL ESTATE,  Chennai",Company/Office,Startup,OpenStreetMap (Overpass)
Viduthalai,,"Porur, Chennai Radius",Company/Office,Startup,OpenStreetMap (Overpass)
IGNOU Chennai Regional Office,,"Porur, Chennai Radius",IT Services,Startup,OpenStreetMap (Overpass)
Dravidar Kazhagam - HQ,,"Porur, Chennai Radius",IT Services,Startup,OpenStreetMap (Overpass)
HDFC Home Loans Velachery Branch,https://www.hdfc.com,"Balaji Nagar, Velachery Main Road  Chennai",Company/Office,Startup,OpenStreetMap (Overpass)
Vikatan Publisher,,"Porur, Chennai Radius",Company/Office,Startup,OpenStreetMap (Overpass)
Lodha Estates and Finance,,"Porur, Chennai Radius",Company/Office,Startup,OpenStreetMap (Overpass)
Zupersoft Solution PVT Ltd,https://zuper.co/,"Prakasam Street, Gangai Karai Puram, T. Nagar  Chennai",Company/Office,Company,OpenStreetMap (Overpass)
Jacob Scientifics - Head Office,http://www.jacobscientifics.com,Madipakkam Main Road  Chennai,Company/Office,Startup,OpenStreetMap (Overpass)
Sowrem Promoters,,"Porur, Chennai Radius",Company/Office,Startup,OpenStreetMap (Overpass)
Shastra Cards Private Limited,http://www.shastracards.com/,Bazullah Road T. Nagar Chennai,Company/Office,Startup,OpenStreetMap (Overpass)
YogaVahini,,"19th St, Venkateswara Nagar, Kottivakkam  Chennai",Company/Office,Startup,OpenStreetMap (Overpass)
Schatz Enterprises Private Limited,https://schatzmarkets.com/,"5th Avenue, Shanthi Colony,  Chennai",Business Consulting,Startup,OpenStreetMap (Overpass)
SARF Communications,,"Porur, Chennai Radius",Company/Office,Startup,OpenStreetMap (Overpass)
IPCS Automation,,"Porur, Chennai Radius",Company/Office,Startup,OpenStreetMap (Overpass)
Maaya Systems,,"Porur, Chennai Radius",Company/Office,Startup,OpenStreetMap (Overpass)
Helxyon Healthcare,,"Porur, Chennai Radius",Company/Office,Startup,OpenStreetMap (Overpass)
Nexus Interiors,,"Porur, Chennai Radius",Company/Office,Startup,OpenStreetMap (Overpass)
VFS Global Services Pvt. Ltd.,,Ethiraj Salai  Chennai,Company/Office,Company,OpenStreetMap (Overpass)
Cafeteria | PT area,,"Porur, Chennai Radius",IT Services,Startup,OpenStreetMap (Overpass)
Saama Technologies pvt. Ltd,,"Porur, Chennai Radius",Company/Office,Company,OpenStreetMap (Overpass)
Village Administrator's Office - Alandur,,M.K.N. Road,Company/Office,Startup,OpenStreetMap (Overpass)
Trimble Information Technologies India Pvt Ltd,https://www.trimble.com/en/,"Porur, Chennai Radius",Company/Office,Company,OpenStreetMap (Overpass)
The Oriental Insurance Company,,"Porur, Chennai Radius",Fintech,Startup,OpenStreetMap (Overpass)
Life Insurance Corporation,,"Porur, Chennai Radius",Fintech,Startup,OpenStreetMap (Overpass)
United India Insurance Company,,"Porur, Chennai Radius",Fintech,Startup,OpenStreetMap (Overpass)
Themis Attorneys,,"Porur, Chennai Radius",Company/Office,Startup,OpenStreetMap (Overpass)
Food Corporation of India,,"Porur, Chennai Radius",Company/Office,Startup,OpenStreetMap (Overpass)
NABARD,,"Porur, Chennai Radius",Company/Office,Startup,OpenStreetMap (Overpass)
Central Stationary Office,,"Porur, Chennai Radius",Company/Office,Startup,OpenStreetMap (Overpass)
Wildlife Warden,https://guindypark.com/,Guindy National Park,Company/Office,Startup,OpenStreetMap (Overpass)
Chennai Metro Water Distribution Station,,"Porur, Chennai Radius",IT Services,Startup,OpenStreetMap (Overpass)
VAO Office,,"Porur, Chennai Radius",Company/Office,Startup,OpenStreetMap (Overpass)
Paul Travels,,"Porur, Chennai Radius",Company/Office,Startup,OpenStreetMap (Overpass)
City Travels,,"Porur, Chennai Radius",Company/Office,Startup,OpenStreetMap (Overpass)
National Travels,,"Porur, Chennai Radius",Company/Office,Startup,OpenStreetMap (Overpass)
Olive Travel Lines,,"Porur, Chennai Radius",Company/Office,Startup,OpenStreetMap (Overpass)
Centre of Indian Trade Unions,,"Porur, Chennai Radius",IT Services,Startup,OpenStreetMap (Overpass)
Novac Technology Solutions,https://www.novactech.in/,"Statesman One, Ramakrishna Mutt Rd  Mylapore,Chennai",Company/Office,Startup,OpenStreetMap (Overpass)
United Nations High Commissioner for Refugees Field Office Chennai,,"Porur, Chennai Radius",Company/Office,Startup,OpenStreetMap (Overpass)
Madras Management Association,,"Porur, Chennai Radius",Company/Office,Startup,OpenStreetMap (Overpass)
Pfizer,,"Porur, Chennai Radius",Company/Office,Startup,OpenStreetMap (Overpass)
The Hindu,,"Porur, Chennai Radius",Company/Office,Startup,OpenStreetMap (Overpass)
Aanand & Co,,"3rd Street, Sundaram Colony  West Tambaram",Fintech,Startup,OpenStreetMap (Overpass)
VBC solitaire,,Bazullah Road,Company/Office,Startup,OpenStreetMap (Overpass)
Arasu Infotech,arasuinfotechservices.com,"1st and 2nd floor, Om sakthi nagar, Kasi Towers, Mettukuppam, Vanagaram  Chennai",IT Services,Startup,OpenStreetMap (Overpass)
DM Law Associates,,"Porur, Chennai Radius",Company/Office,Startup,OpenStreetMap (Overpass)
Shri Bhagiyalakshmi Travels,,SBLT Office,Company/Office,Startup,OpenStreetMap (Overpass)
RTL-Academy,www.rtlacademy.org,"1st Street, Sigamani Nagar  Chennai",Business Consulting,Startup,OpenStreetMap (Overpass)
VGP Golden Seaview Residents’ Welfare Association Office,,VGP Layout Park  Chennai,Company/Office,Startup,OpenStreetMap (Overpass)
Vasant Printers,,"Thiru Vi Ka Indl Estate, Guindy  Chennai",Company/Office,Startup,OpenStreetMap (Overpass)
Food Ingredient Specialities Private Limited,,"Vanagaram - Ambattur Road  Ayanambakkam, Chennai",Company/Office,Startup,OpenStreetMap (Overpass)
Department Of Tribal Welfare,,"Porur, Chennai Radius",Company/Office,Startup,OpenStreetMap (Overpass)
Rohit Krishna,,"Porur, Chennai Radius",Company/Office,Startup,OpenStreetMap (Overpass)
R. Anand,,"Porur, Chennai Radius",Company/Office,Startup,OpenStreetMap (Overpass)
Tamil Nadu Engineering Works,,"Porur, Chennai Radius",Company/Office,Startup,OpenStreetMap (Overpass)
S. Prakashchand Jain Advocates,,"Porur, Chennai Radius",Company/Office,Startup,OpenStreetMap (Overpass)
Hindustan Marketing,,"Porur, Chennai Radius",Company/Office,Startup,OpenStreetMap (Overpass)
Emerson Process Management Chennai,,"Porur, Chennai Radius",Company/Office,Startup,OpenStreetMap (Overpass)
Iss relocations,https://iss-relocations.com/,"Porur, Chennai Radius",Company/Office,Startup,OpenStreetMap (Overpass)
Sree Tantric Astrology,https://sreetantricastrology.com,Bazullah Road  T.Nagar,Company/Office,Startup,OpenStreetMap (Overpass)
Sree Vinayaga Builders,,27th Street  Chennai,Company/Office,Startup,OpenStreetMap (Overpass)
Truckrr Information services,https://www.truckrr.com/,"New MGR Road, Veeramamunivar, 1st street  CHENNAI",IT Services,Startup,OpenStreetMap (Overpass)
Awfis,,"Porur, Chennai Radius",Company/Office,Startup,OpenStreetMap (Overpass)
Khalf Co-works,,"Porur, Chennai Radius",Company/Office,Startup,OpenStreetMap (Overpass)
Alumni Affairs Office,,"Porur, Chennai Radius",Company/Office,Startup,OpenStreetMap (Overpass)
PBR Associates,,Bhagirathi Ammal Street  Chennai,Company/Office,Startup,OpenStreetMap (Overpass)
Murugan Tinkering Works,,"Porur, Chennai Radius",Company/Office,Startup,OpenStreetMap (Overpass)
Utimax Industrial Solutions Pvt Ltd,,"Porur, Chennai Radius",Company/Office,Company,OpenStreetMap (Overpass)
tambaram greater municipality school,,"Porur, Chennai Radius",IT Services,Startup,OpenStreetMap (Overpass)
Nibav Towers - Nibav lifts,,"Porur, Chennai Radius",IT Services,Startup,OpenStreetMap (Overpass)
Stats Perform India Pvt Ltd - ஸ்டேட்ஸ் பெர்பார்ம் இந்தியா ப்வ்ட் லட,https://www.statsperform.com/,"Madhar Sha Tower, Anna Salai, Thousand Lights East  Chennai",Company/Office,Company,OpenStreetMap (Overpass)
efiletax,https://www.efiletax.in/,"18th Main Road, Anna Nagar West  Chennai",Company/Office,Startup,OpenStreetMap (Overpass)
South India AIDS Action Programme,siaapindia.org,first cross street,Company/Office,Startup,OpenStreetMap (Overpass)
research park,,"Porur, Chennai Radius",Company/Office,Startup,OpenStreetMap (Overpass)
Blue Dart,,"Porur, Chennai Radius",Company/Office,Startup,OpenStreetMap (Overpass)
Fits Air,,"Porur, Chennai Radius",Company/Office,Startup,OpenStreetMap (Overpass)
LIC,,"Porur, Chennai Radius",Fintech,Startup,OpenStreetMap (Overpass)
MGR research University,,"Porur, Chennai Radius",IT Services,Startup,OpenStreetMap (Overpass)
Residency Builders,,"Porur, Chennai Radius",Company/Office,Startup,OpenStreetMap (Overpass)
Sri Venkateswara Vidyalaya,,"Porur, Chennai Radius",IT Services,Startup,OpenStreetMap (Overpass)
Pynesec Technologies Private Limited - Cyber security Services Company,https://www.pynesec.com/,Samayapuram Nagar Main Road  porur,IT Services,Startup,OpenStreetMap (Overpass)
Sri Chaitanya School,www.srichaitanyaschool.net,"Porur, Chennai Radius",IT Services,Startup,OpenStreetMap (Overpass)
SITE,,"Porur, Chennai Radius",Company/Office,Startup,OpenStreetMap (Overpass)
Nesh Technologies,https://nesh.live,"Dr.VSI Estate, Thiruvanmiyur  chennai",IT Services,Startup,OpenStreetMap (Overpass)
G P Strategies,,"Porur, Chennai Radius",IT Services,Startup,OpenStreetMap (Overpass)
Integrated Sub Registrar Office's Campus,,"TNHB, Nolambur, Ambattur Industrial Estate, Chennai, Tamil Nadu 600037",Company/Office,Startup,OpenStreetMap (Overpass)
Center for Composite Materials,https://www.annauniv.edu/CCM/,Center for Excellent Building  Guindy,Company/Office,Startup,OpenStreetMap (Overpass)
"Regional Transport Office,Meenambakkam",,"Meenambakkam, New St, Mela Ilandaikulam, Alandur,  Chennai",Company/Office,Startup,OpenStreetMap (Overpass)
Inoesis,,"Porur, Chennai Radius",Company/Office,Startup,OpenStreetMap (Overpass)
Earthana,,"Porur, Chennai Radius",Company/Office,Startup,OpenStreetMap (Overpass)
Layotos Technologies Pvt LTD,,"Porur, Chennai Radius",Company/Office,Company,OpenStreetMap (Overpass)
Yash Infosytems,,"Porur, Chennai Radius",Company/Office,Startup,OpenStreetMap (Overpass)
"Maharishi Vidya Mandir, Bala Bhavan Akila Valagam",,Govinda Street  Chennai,IT Services,Startup,OpenStreetMap (Overpass)
Dexterity Design Services,,"Porur, Chennai Radius",Company/Office,Startup,OpenStreetMap (Overpass)
admin block,,"Porur, Chennai Radius",Company/Office,Startup,OpenStreetMap (Overpass)
L.A.S Tower,,"Porur, Chennai Radius",Company/Office,Startup,OpenStreetMap (Overpass)
Bahwan Cybertek Pvt. Ltd.,,"Porur, Chennai Radius",Company/Office,Company,OpenStreetMap (Overpass)
Full Creative,https://full.io/,"International Tech Park, Ascendas, Phase 1, 1st Floor, Pinnacle Building, CSIR Rd, Tharamani  Chennai",Company/Office,Startup,OpenStreetMap (Overpass)
New Designer Web,https://designerweb.in/,1st Main Road,Company/Office,Startup,OpenStreetMap (Overpass)
Survey House,,"Porur, Chennai Radius",Company/Office,Startup,OpenStreetMap (Overpass)
ONGC Anna Nagar Office Complex,,Anna Nagar West Extension,Company/Office,Startup,OpenStreetMap (Overpass)
ZeQube Technologies,http://zeqube.com,1st Main Road,Company/Office,Startup,OpenStreetMap (Overpass)
Laptop Spa,,Anna Nagar West Extension,Company/Office,Startup,OpenStreetMap (Overpass)
Dura Housing,https://durahousing.com,"A. N. Elumalai Salai, Iyyapanthangal  Chennai",Company/Office,Startup,OpenStreetMap (Overpass)
Gateway Office Parks,https://x-officeparks.com/gateway-office-park-2/,Grand Southern Trunk Road,Company/Office,Startup,OpenStreetMap (Overpass)
Sutherland Global Services,https://www.sutherlandglobal.com/,Grand Southern Trunk Road,Company/Office,Startup,OpenStreetMap (Overpass)
Accenture,https://www.accenture.com/in-en,Grand Southern Trunk Road,Company/Office,MNC,OpenStreetMap (Overpass)
Central Warehousing Corporation Regional Office,,"Porur, Chennai Radius",Company/Office,Startup,OpenStreetMap (Overpass)
LeBlanc Interior,https://www.leblancinterior.com/,Ponni Amman Koil Main Rd  Chennai,Company/Office,Startup,OpenStreetMap (Overpass)
NASTAF Technologies PVT LTD,https://nastaf.com/,"II Floor, Swathi Complex, No. 34, Flat No 2, Nandanam, Chennai, Tamil Nadu  Chennai",IT Services,Company,OpenStreetMap (Overpass)
M SYSTEM & SERVICES,,"2nd Street, Part-2 Venkateswara Nagar, Kodungaiyur  Chennai",Company/Office,Startup,OpenStreetMap (Overpass)
Kiran Packaging,,"Porur, Chennai Radius",Company/Office,Startup,OpenStreetMap (Overpass)
Zilogic Systems Private Limited (Block III),,"2nd Floor, Ragula Tech Park, Dr. VSI Estate  Tharamani",Company/Office,Startup,OpenStreetMap (Overpass)
Freshworks,https://freshworks.com,"Dr MGR Main Road, Kodandarama Nagar  Perungudi",IT Services,Startup,OpenStreetMap (Overpass)
Administration Block,,"Porur, Chennai Radius",Company/Office,Startup,OpenStreetMap (Overpass)
Center for Innovation,,"Porur, Chennai Radius",Company/Office,Startup,OpenStreetMap (Overpass)
Tamilnadu Real Estate Regulatory Authority (TNRERA),,"Porur, Chennai Radius",Company/Office,Startup,OpenStreetMap (Overpass)
Sterling Software Pvt Ltd,https://sterlingsoftware.global,CSIR road,Company/Office,Company,OpenStreetMap (Overpass)
L&T Shipbuilding,,Mount - Poonamallee - Avadi Road,Company/Office,Startup,OpenStreetMap (Overpass)
Wcart,https://wcart.io/,"SIDCO Micro Industrial Estate, Thirumudivakkam  Chennai",IT Services,Startup,OpenStreetMap (Overpass)
"Joint Office, Southern Railway",,"Porur, Chennai Radius",Company/Office,Startup,OpenStreetMap (Overpass)
Tamil Nadu Government Legislature & Secretariat,,"Porur, Chennai Radius",Company/Office,Startup,OpenStreetMap (Overpass)
U.S. Consulate General,,"Porur, Chennai Radius",Company/Office,Startup,OpenStreetMap (Overpass)
Integral Coach Factory,https://icf.indianrailways.gov.in,Chennai,Hardware/Manufacturing,Startup,OpenStreetMap (Overpass)
Ezhilagam,,"Porur, Chennai Radius",Company/Office,Startup,OpenStreetMap (Overpass)
Panagal Maaligai,,"Porur, Chennai Radius",Company/Office,Startup,OpenStreetMap (Overpass)
All India Radio Station,,"Porur, Chennai Radius",Company/Office,Startup,OpenStreetMap (Overpass)
Tamil Nadu Water Supply and Drainage Board,,"Porur, Chennai Radius",Company/Office,Startup,OpenStreetMap (Overpass)
Public Works Department,,"Porur, Chennai Radius",Company/Office,Startup,OpenStreetMap (Overpass)
Cognizant Technology Solutions Pvt. Ltd.,,"Porur, Chennai Radius",Company/Office,MNC,OpenStreetMap (Overpass)
Cafeteria Block,,"Porur, Chennai Radius",Company/Office,Startup,OpenStreetMap (Overpass)
SDB-2,,"Porur, Chennai Radius",Company/Office,Startup,OpenStreetMap (Overpass)
SDB-3,,"Porur, Chennai Radius",Company/Office,Startup,OpenStreetMap (Overpass)
SDB-4,,"Porur, Chennai Radius",Company/Office,Startup,OpenStreetMap (Overpass)
SDB-1,,"Porur, Chennai Radius",Company/Office,Startup,OpenStreetMap (Overpass)
Computer Science Corporation (CSC),,"Porur, Chennai Radius",Company/Office,Startup,OpenStreetMap (Overpass)
MEPZ administrative office,,"Porur, Chennai Radius",Company/Office,Startup,OpenStreetMap (Overpass)
Vijaya Garments,,"Porur, Chennai Radius",Company/Office,Startup,OpenStreetMap (Overpass)
CPCL Refinery,,"Porur, Chennai Radius",Company/Office,Startup,OpenStreetMap (Overpass)
Basin Bridge MTC Depot,,"Porur, Chennai Radius",Company/Office,Startup,OpenStreetMap (Overpass)
Institute of Ocean Management,,"Porur, Chennai Radius",IT Services,Startup,OpenStreetMap (Overpass)
HCL Technologies,,"Porur, Chennai Radius",Company/Office,MNC,OpenStreetMap (Overpass)
Sun TV Network Office,,"Porur, Chennai Radius",Company/Office,Startup,OpenStreetMap (Overpass)
TVH Realtors,,"Porur, Chennai Radius",Company/Office,Startup,OpenStreetMap (Overpass)
Directorate of Public Instruction Campus - DPI,,"Porur, Chennai Radius",Company/Office,Startup,OpenStreetMap (Overpass)
British Deputy High Commission,https://www.gov.uk/world/organisations/british-deputy-high-commissioner-chennai,Anderson Road,Company/Office,Startup,OpenStreetMap (Overpass)
Fort - Tondiarpet Taluk Office,,"Porur, Chennai Radius",Company/Office,Startup,OpenStreetMap (Overpass)
"Institute of Engineers,Chennai Chapter",,Swami Sivananda Salai  chepauk,IT Services,Startup,OpenStreetMap (Overpass)
Highway Research Station,,"Porur, Chennai Radius",Company/Office,Startup,OpenStreetMap (Overpass)
Chennai Collectorate,,"Porur, Chennai Radius",Company/Office,Startup,OpenStreetMap (Overpass)
Perambur- Purasawalkam Taluk Office,,"Porur, Chennai Radius",Company/Office,Startup,OpenStreetMap (Overpass)
Corporation Ward 176 Office,,"Porur, Chennai Radius",Company/Office,Startup,OpenStreetMap (Overpass)
Barath Sanchar Ningam Limited,,"Porur, Chennai Radius",Company/Office,Startup,OpenStreetMap (Overpass)
Tamilnadu Electricity Board (TNEB) office,,"SAF Games Village, Koyambedu  Chennai",Company/Office,Startup,OpenStreetMap (Overpass)
"RTO Office, Chinmaya Nagar",,Chinmaya Nagar  Chennai,Company/Office,Startup,OpenStreetMap (Overpass)
Ruby Builders,,Velachery - Tambaram Main Road,Company/Office,Startup,OpenStreetMap (Overpass)
Siri Towers,,"Fourrts Avenue, Thuraipakkam  Chennai",IT Services,Startup,OpenStreetMap (Overpass)
Office of the Deputy Director - Medical Services,,Jones Road,Company/Office,Startup,OpenStreetMap (Overpass)
Highways Office,,"Porur, Chennai Radius",Company/Office,Startup,OpenStreetMap (Overpass)
Consulate General of the Russian Federation,http://www.chennai.mid.ru,Santhome High Road,Company/Office,Startup,OpenStreetMap (Overpass)
Ambattur Taluk Office,,"Porur, Chennai Radius",Company/Office,Startup,OpenStreetMap (Overpass)
Velankanni Matriculation Higher Secondary School,,"Porur, Chennai Radius",IT Services,Startup,OpenStreetMap (Overpass)
Website Learners,,"Raja Badar Street  T.Nagar, Chennai",Company/Office,Startup,OpenStreetMap (Overpass)
Madras ENT Research Foundation Speech Trainning,,"Porur, Chennai Radius",Company/Office,Startup,OpenStreetMap (Overpass)
ELCOT (Electronic Corporation of Tamil Nadu),,chennai,Company/Office,Startup,OpenStreetMap (Overpass)
Sedin Technologies Dev Center,,Kamatchi Puram 2nd Street  Chennai,Company/Office,Startup,OpenStreetMap (Overpass)
Talent Reach International,,"Porur, Chennai Radius",Company/Office,Startup,OpenStreetMap (Overpass)
Novalnet e-Solutions Pvt. Ltd.,https://www.novalnet-solutions.com/,Erikkarai Street  Chennai,IT Services,Company,OpenStreetMap (Overpass)
Drona Systems,,"Porur, Chennai Radius",IT Services,Startup,OpenStreetMap (Overpass)
PayPal,,Rajiv Gandhi Salai  Chennai,IT Services,Startup,OpenStreetMap (Overpass)
DesignQube Architects and Interiors,,"Porur, Chennai Radius",IT Services,Startup,OpenStreetMap (Overpass)
Gnaya Vaapi,,"Porur, Chennai Radius",Company/Office,Startup,OpenStreetMap (Overpass)
Unique MEP Engineering Private Limited,https://www.unique-mep.com/,EVR Periyar Salai  Chennai,IT Services,Startup,OpenStreetMap (Overpass)
VIJAYAKUMAR IAS ACADEMY,https://vijayakumariasacademy.com/,"Vetri Vinayagar Street  Thirumangalam, Chennai",IT Services,Startup,OpenStreetMap (Overpass)
TamilNadu Housing Board,,"Ambattur Estate Road  Thirumangalam, Chennai",Company/Office,Startup,OpenStreetMap (Overpass)
Central Electronics Engineering Institute,,"Porur, Chennai Radius",Company/Office,Startup,OpenStreetMap (Overpass)
corporation office Thiruvanmiyur,,"Porur, Chennai Radius",Company/Office,Startup,OpenStreetMap (Overpass)
Cognizant Technology Solutions,,Elcot SEZ  Chennai City Corporation Limits,IT Services,MNC,OpenStreetMap (Overpass)
HTC Global Servicces,,"Porur, Chennai Radius",IT Services,Startup,OpenStreetMap (Overpass)
Tamil Nadu Bio-Diversity Conservation and Greening Project,http://www.tbgp.org,"Porur, Chennai Radius",Company/Office,Startup,OpenStreetMap (Overpass)
Employees state insurance office,,"Porur, Chennai Radius",Company/Office,Startup,OpenStreetMap (Overpass)
Snegam government support center,,"Porur, Chennai Radius",Company/Office,Startup,OpenStreetMap (Overpass)
St. Thomas Mount Cantonment Board Office,,"Porur, Chennai Radius",Company/Office,Startup,OpenStreetMap (Overpass)
Regional Revenue Office - Ambattur,,Chennai,Company/Office,Startup,OpenStreetMap (Overpass)
Tamil Nadu Films Division,,"Porur, Chennai Radius",Company/Office,Startup,OpenStreetMap (Overpass)
TVS Green Hills,,"Porur, Chennai Radius",Business Consulting,Startup,OpenStreetMap (Overpass)
Alandur Taluk Office,,"Porur, Chennai Radius",Company/Office,Startup,OpenStreetMap (Overpass)
Prince Info City I,,"Old Mahabalipuram Road, Kandanchavadi  Chennai",IT Services,Startup,OpenStreetMap (Overpass)
University Of Madras - Taramani Campus,,"Porur, Chennai Radius",IT Services,Startup,OpenStreetMap (Overpass)
WidEva Systems Pvt Ltd,https://www.wideva.com,"Bazaar Street, Kunrathur  Chennai",Company/Office,Company,OpenStreetMap (Overpass)
Super Auto Forge Plant 6,,"Porur, Chennai Radius",Hardware/Manufacturing,Startup,OpenStreetMap (Overpass)
"J&F India Private Limited, Radiance Towers",https://www.jf.ag/en,"33 Feet Road, Anna Salai, Guindy  Chennai",Company/Office,Startup,OpenStreetMap (Overpass)
Sanitation Inspection Office,,"Porur, Chennai Radius",Company/Office,Startup,OpenStreetMap (Overpass)
Government eSeva Center,,"Porur, Chennai Radius",Company/Office,Startup,OpenStreetMap (Overpass)
Red Hills Regional Transport Office,,"Porur, Chennai Radius",Company/Office,Startup,OpenStreetMap (Overpass)
Microchip Technology India,,"Porur, Chennai Radius",Company/Office,Startup,OpenStreetMap (Overpass)
Chennai Corporation e-Sevai Centre,,"Porur, Chennai Radius",Company/Office,Startup,OpenStreetMap (Overpass)
United India Building,,"Porur, Chennai Radius",Fintech,Startup,OpenStreetMap (Overpass)
"Integrated Commercial Taxes Office Complex, Chennai (North) Division",,"Porur, Chennai Radius",Company/Office,Startup,OpenStreetMap (Overpass)
Clive House - Archaeological Survey of India,,"Porur, Chennai Radius",Company/Office,Startup,OpenStreetMap (Overpass)
BSNL,,"Porur, Chennai Radius",IT Services,Startup,OpenStreetMap (Overpass)
Chennai District Collector's Office,,"Porur, Chennai Radius",Company/Office,Startup,OpenStreetMap (Overpass)
Custom House,,"Porur, Chennai Radius",Company/Office,Startup,OpenStreetMap (Overpass)
Directorate of Lighthouses and Lightships,,"Porur, Chennai Radius",Company/Office,Startup,OpenStreetMap (Overpass)
Chennai Metropolitan Water Supply & Sewerage Board,,"Porur, Chennai Radius",Company/Office,Startup,OpenStreetMap (Overpass)
Consulate General of the Federal Republic of Germany,https://india.diplo.de/in-en/vertretungen/generalkonsulat2,Boat Club Road  Chennai,Company/Office,Startup,OpenStreetMap (Overpass)
Tamil Nadu Electricity Board Head Office,,Link Road  Chennai,Company/Office,Startup,OpenStreetMap (Overpass)
Chennai Metropolitan Water Supply and Sewerage Board,,"Porur, Chennai Radius",Company/Office,Startup,OpenStreetMap (Overpass)
The Bible Society of India Tamil Nadu Auxillary,,"Porur, Chennai Radius",Company/Office,Startup,OpenStreetMap (Overpass)
Bharat Sanchar Nigam Limited,,Dams Road  Chennai,IT Services,Startup,OpenStreetMap (Overpass)
Urban Administration Building,,"Porur, Chennai Radius",Company/Office,Startup,OpenStreetMap (Overpass)
Reserve Bank of India,,"Porur, Chennai Radius",Company/Office,Startup,OpenStreetMap (Overpass)
Vallalar Nagar Bus Depot,,"Porur, Chennai Radius",Company/Office,Startup,OpenStreetMap (Overpass)
Tamil Nadu Commercial Taxes and Registration Department,,"Porur, Chennai Radius",Company/Office,Startup,OpenStreetMap (Overpass)
Tamil Nadu Information Comission,,"Porur, Chennai Radius",Company/Office,Startup,OpenStreetMap (Overpass)
Tamil Nadu Department of Animal Husbandry & Department of Fisheries,,"Porur, Chennai Radius",Company/Office,Startup,OpenStreetMap (Overpass)
Tamil Nadu Finance Department,,"Porur, Chennai Radius",Company/Office,Startup,OpenStreetMap (Overpass)
Tamil Nadu Forest Department,,"Porur, Chennai Radius",Company/Office,Startup,OpenStreetMap (Overpass)
Tamil Nadu Small Industries Development Corporation,,"Porur, Chennai Radius",Company/Office,Startup,OpenStreetMap (Overpass)
Directorate Of Industrial Safety and Health,,"Porur, Chennai Radius",Company/Office,Startup,OpenStreetMap (Overpass)
Office of the Accountant General (A & E) Tamil Nadu,,"Porur, Chennai Radius",Company/Office,Startup,OpenStreetMap (Overpass)
Geological Survey of India,,"Porur, Chennai Radius",Company/Office,Startup,OpenStreetMap (Overpass)
Commercial Tax Offices,,"Porur, Chennai Radius",Company/Office,Startup,OpenStreetMap (Overpass)
National Insurance Company,,"Porur, Chennai Radius",Fintech,Startup,OpenStreetMap (Overpass)
Narayana Guruviah Chetty's Charities,,"Porur, Chennai Radius",IT Services,Startup,OpenStreetMap (Overpass)
Y. V Kotiah Charities Building,,"Porur, Chennai Radius",IT Services,Startup,OpenStreetMap (Overpass)
GCC Zone 5 Office,,"Porur, Chennai Radius",Company/Office,Startup,OpenStreetMap (Overpass)
M M Garden,,"Porur, Chennai Radius",Company/Office,Startup,OpenStreetMap (Overpass)
Hyoseong Electric India,,"Porur, Chennai Radius",Hardware/Manufacturing,Startup,OpenStreetMap (Overpass)
Amma People's Progressive Federation (AMMK) Party Headquarters,,"Westcott Road  Royapettah, Chennai",IT Services,Startup,OpenStreetMap (Overpass)
Corporation of Chennai Lorry Depot,,"Porur, Chennai Radius",Company/Office,Startup,OpenStreetMap (Overpass)
Greater Chennai Corporation Zone 8 Office,,"Porur, Chennai Radius",Company/Office,Startup,OpenStreetMap (Overpass)
Center for Excellence,,center for excellent block  Guindy,Company/Office,Startup,OpenStreetMap (Overpass)
NueGo Bus Depot,,"Porur, Chennai Radius",Company/Office,Startup,OpenStreetMap (Overpass)
Tamil Nadu Housing Board - Head Office,,"Porur, Chennai Radius",Company/Office,Startup,OpenStreetMap (Overpass)
Ragula Tech Park,,"OMR Service Road, Phase 1, Vikram Sarabhai Instronics Estate,  Tharamani",Company/Office,Startup,OpenStreetMap (Overpass)
Southern Railways Headquarters,,"Porur, Chennai Radius",Company/Office,Startup,OpenStreetMap (Overpass)
Chennai Port,https://www.chennaiport.gov.in/,"Porur, Chennai Radius",Company/Office,Startup,OpenStreetMap (Overpass)
Kasimedu Fishing Harbour,,"Porur, Chennai Radius",Company/Office,Startup,OpenStreetMap (Overpass)
Society for Electronic Transactions and Security,https://www.setsindia.in/,"Porur, Chennai Radius",Company/Office,Startup,OpenStreetMap (Overpass)
Tamil Nadu State Legislature,,"Porur, Chennai Radius",Company/Office,Startup,OpenStreetMap (Overpass)
Rajaji Bhavan,,"Porur, Chennai Radius",Company/Office,Startup,OpenStreetMap (Overpass)
